Workbook

Sheet 計測統計
Y1: 單位 | Z1: 公差 | AA1: 工號 | AB1: 品檢員
B2: 品質檢驗紀錄 | Y2: Ø | Z2: - | AA2: 1478 | AB2: 徐澤美 | AC2: V | AD2: 首件 | AE2: ※若內背一起加工，輸入OK | AH2: 遊標卡尺 | AJ2: EFGP
Y3: \ / | Z3: 0 | AA3: 1626 | AB3: 洪士偉 | AD3: 巡檢 | AH3: 2.5D影像量測儀 | AJ3: RD暫存區
B4: 料號 | E4: 804LY0241001B0 | U4: 加工圖 | Y4: # | Z4: 0.005 | AA4: 1650 | AB4: 林銘坤 | AD4: MARCO | AH4: 高度規
B5: 總檢驗數 | E5: =E7+E9+E8 -> 0 | Y5: 距離 | Z5: 0.01 | AA5: 1666 | AB5: 林嘉宏 | AC5: 去牙 | AH5: 螺紋塞規
A6: =COUNTA(E26:E82) -> 53 | B6: 未完檢驗數 | E6: =IF(A6-E5<=0,0,A6-E5) -> 53 | U6: 檢規 | Y6: 深度 | Z6: 0.015 | AA6: 2051 | AB6: 簡凱帆 | AC6: 攻牙 | AH6: 銷規
B7: 檢驗合格 | E7: =COUNTIF(P:P,"合格") -> 0 | Y7: 厚度 | Z7: 0.02 | AA7: 1492 | AB7: 陳思明 | AC7: 植牙套 | AH7: 三次元
B8: 檢驗特採 | E8: =COUNTIF(P:P,"特採") -> 0 | Y8: 外型 | Z8: 0.021 | AA8: 1907 | AB8: 蘇桑托 | AC8: 重工 | AH8: 瞬檢機
B9: 檢驗異常 | E9: =COUNTIF(P:P,"異常") -> 0 | Y9: X | Z9: 0.027 | AA9: 1032 | AB9: 里瓦多 | AC9: 面銑/見光 | AH9: 目視
B10: 機台號碼 | Y10: Y | Z10: 0.027 | AA10: 2011 | AB10: 艾古 | AC10: LOAD | AH10: 分厘卡
B11: 工單號碼 | Y11: 平面 | Z11: 0.03 | AA11: 2037 | AB11: 賽多 | AH11: 厚薄規
B12: 檢驗日期 | Y12: 對稱 | Z12: 0.06 | AA12: 2139 | AB12: 蔡玉婷 | AH12: 表面粗糙度測定儀
B13: 檢驗員 | Y13: 粗糙 | Z13: 0.04 | AA13: 2206 | AB13: 文廷炳 | AH13: R角規
B14: 檢驗類別 | Y14: 刻字 | Z14: 0.05 | AA14: 1925 | AB14: 安瓦
B15: 幹部確認 | D15: 檢驗製程 | E15: 001 | Y15: C | Z15: 0.1 | AA15: 2253 | AB15: 亨奇
E16: 002 | Y16: ◎ | Z16: 0.15 | AA16: 2297 | AB16: 黎庭光
E17: 003 | Y17: ⊕ | Z17: 0.2 | AA17: 2302 | AB17: 李佳駿
E18: 004 | Y18: R | Z18: 0.4 | AA18: 2328 | AB18: 蘇玉美
E19: 005 | Y19: Z | Z19: 0.5 | AA19: 2170 | AB19: 倪震皓
E20: 006 | Y20: D.P. | Z20: 0.8 | AA20: 1200 | AB20: 趙茹涵
E21: 007 | Y21: M | Z21: 0.25 | AA21: 2131 | AB21: 李楨儀
E22: 008 | Y22: 度 | Z22: 0.14 | AA22: 2248 | AB22: 王健宇
E23: 009 | Y23: 牙深 | Z23: 2
E24: 010 | Y24: 高度
B25: 製程 | C25: 檢點 | D25: 檢驗標準(單位mm) | K25: 自動2.5D設備數據 | L25: 判定 | M25: 手動量測 | N25: 覆檢 | O25: 再覆檢 | P25: 判定 | Q25: 檢驗備註 組長特採 | S25: 儀器 | Y25: 孔深
B26: 001 | C26: 1 | D26: 距離 | E26: 70 | G26: + | H26: 0.1 | I26: - | J26: 0.1 | K26: =IF(ISERROR(VLOOKUP(C26,DATA!A:I,7,FALSE))=TRUE,"",VLOOKUP(C26,DATA!A:I,7,FALSE)) | L26: =IF(OR(D26="刻字",K26="",D26="M",D26="#",D26="粗糙",D26="平面",E26="THRU"),"待驗",IF(AND(K26<=E26+(H26*0.66),K26>=E26-(J26*0.66)),"合格",IF(AND(K26<=E26+H26,K26>=E26-J26),"特採","異常"))) -> 待驗 | P26: =IF(AND(K26="",M26="",N26=""),"待驗",IF(OR(L26="合格",L26="特採"),L26,IFERROR(IF(AND(D26="刻字",OR(M26=E26,N26=E26,)),"合格",IF(OR(M26="OK",N26="OK"),"合格",IF(OR(AND(M26<=E26+(H26*0.66),M26>=E26-(J26*0.66)),AND(N26<=E26+(H26*0.66),N26>=E26-(J26*0.66)),AND(O26<=E26+(H26*0.66),O26>=E26-(J26*0.66))),"合格",IF(OR(AND(M26<=E26+H26,M26>=E26-J26),AND(N26<=E26+H26,N26>=E26-J26)),"特採","異常")))),"異常"))) -> 待驗 | S26: 2.5D影像量測儀 | Y26: 輪廓度 | Z26: -
B27: 001 | C27: 2 | D27: 距離 | E27: 54 | G27: + | H27: 0.1 | I27: - | J27: 0.1 | K27: =IF(ISERROR(VLOOKUP(C27,DATA!A:I,7,FALSE))=TRUE,"",VLOOKUP(C27,DATA!A:I,7,FALSE)) | L27: =IF(OR(D27="刻字",K27="",D27="M",D27="#",D27="粗糙",D27="平面",E27="THRU"),"待驗",IF(AND(K27<=E27+(H27*0.66),K27>=E27-(J27*0.66)),"合格",IF(AND(K27<=E27+H27,K27>=E27-J27),"特採","異常"))) -> 待驗 | P27: =IF(AND(K27="",M27="",N27=""),"待驗",IF(OR(L27="合格",L27="特採"),L27,IFERROR(IF(AND(D27="刻字",OR(M27=E27,N27=E27,)),"合格",IF(OR(M27="OK",N27="OK"),"合格",IF(OR(AND(M27<=E27+(H27*0.66),M27>=E27-(J27*0.66)),AND(N27<=E27+(H27*0.66),N27>=E27-(J27*0.66)),AND(O27<=E27+(H27*0.66),O27>=E27-(J27*0.66))),"合格",IF(OR(AND(M27<=E27+H27,M27>=E27-J27),AND(N27<=E27+H27,N27>=E27-J27)),"特採","異常")))),"異常"))) -> 待驗 | S27: 2.5D影像量測儀 | Y27: —
B28: 001 | C28: 3 | D28: 距離 | E28: 42 | G28: + | H28: 0.1 | I28: - | J28: 0.1 | K28: =IF(ISERROR(VLOOKUP(C28,DATA!A:I,7,FALSE))=TRUE,"",VLOOKUP(C28,DATA!A:I,7,FALSE)) | L28: =IF(OR(D28="刻字",K28="",D28="M",D28="#",D28="粗糙",D28="平面",E28="THRU"),"待驗",IF(AND(K28<=E28+(H28*0.66),K28>=E28-(J28*0.66)),"合格",IF(AND(K28<=E28+H28,K28>=E28-J28),"特採","異常"))) -> 待驗 | P28: =IF(AND(K28="",M28="",N28=""),"待驗",IF(OR(L28="合格",L28="特採"),L28,IFERROR(IF(AND(D28="刻字",OR(M28=E28,N28=E28,)),"合格",IF(OR(M28="OK",N28="OK"),"合格",IF(OR(AND(M28<=E28+(H28*0.66),M28>=E28-(J28*0.66)),AND(N28<=E28+(H28*0.66),N28>=E28-(J28*0.66)),AND(O28<=E28+(H28*0.66),O28>=E28-(J28*0.66))),"合格",IF(OR(AND(M28<=E28+H28,M28>=E28-J28),AND(N28<=E28+H28,N28>=E28-J28)),"特採","異常")))),"異常"))) -> 待驗 | S28: 2.5D影像量測儀 | Y28: ⊥ | AB28: 謝博安
B29: 001 | C29: 4 | D29: 深度 | E29: 28.4 | G29: + | H29: 0.05 | I29: - | J29: 0.05 | K29: =IF(ISERROR(VLOOKUP(C29,DATA!A:I,7,FALSE))=TRUE,"",VLOOKUP(C29,DATA!A:I,7,FALSE)) | L29: =IF(OR(D29="刻字",K29="",D29="M",D29="#",D29="粗糙",D29="平面",E29="THRU"),"待驗",IF(AND(K29<=E29+(H29*0.66),K29>=E29-(J29*0.66)),"合格",IF(AND(K29<=E29+H29,K29>=E29-J29),"特採","異常"))) -> 待驗 | P29: =IF(AND(K29="",M29="",N29=""),"待驗",IF(OR(L29="合格",L29="特採"),L29,IFERROR(IF(AND(D29="刻字",OR(M29=E29,N29=E29,)),"合格",IF(OR(M29="OK",N29="OK"),"合格",IF(OR(AND(M29<=E29+(H29*0.66),M29>=E29-(J29*0.66)),AND(N29<=E29+(H29*0.66),N29>=E29-(J29*0.66)),AND(O29<=E29+(H29*0.66),O29>=E29-(J29*0.66))),"合格",IF(OR(AND(M29<=E29+H29,M29>=E29-J29),AND(N29<=E29+H29,N29>=E29-J29)),"特採","異常")))),"異常"))) -> 待驗 | S29: 2.5D影像量測儀 | AB29: 莊志南
B30: 001 | C30: 5 | D30: # | E30: 4-40 UNJC-3B | G30: + | H30: - | I30: - | J30: - | K30: =IF(ISERROR(VLOOKUP(C30,DATA!A:I,7,FALSE))=TRUE,"",VLOOKUP(C30,DATA!A:I,7,FALSE)) | L30: =IF(OR(D30="刻字",K30="",D30="M",D30="#",D30="粗糙",D30="平面",E30="THRU"),"待驗",IF(AND(K30<=E30+(H30*0.66),K30>=E30-(J30*0.66)),"合格",IF(AND(K30<=E30+H30,K30>=E30-J30),"特採","異常"))) -> 待驗 | P30: =IF(AND(K30="",M30="",N30=""),"待驗",IF(OR(L30="合格",L30="特採"),L30,IFERROR(IF(AND(D30="刻字",OR(M30=E30,N30=E30,)),"合格",IF(OR(M30="OK",N30="OK"),"合格",IF(OR(AND(M30<=E30+(H30*0.66),M30>=E30-(J30*0.66)),AND(N30<=E30+(H30*0.66),N30>=E30-(J30*0.66)),AND(O30<=E30+(H30*0.66),O30>=E30-(J30*0.66))),"合格",IF(OR(AND(M30<=E30+H30,M30>=E30-J30),AND(N30<=E30+H30,N30>=E30-J30)),"特採","異常")))),"異常"))) -> 待驗 | S30: 螺紋塞規 | AB30: 張耀隆
B31: 001 | C31: 5 | D31: 牙深 | E31: 7.5 | G31: + | H31: 0.5 | I31: - | J31: 0.1 | K31: =IF(ISERROR(VLOOKUP(C31,DATA!A:I,7,FALSE))=TRUE,"",VLOOKUP(C31,DATA!A:I,7,FALSE)) | L31: =IF(OR(D31="刻字",K31="",D31="M",D31="#",D31="粗糙",D31="平面",E31="THRU"),"待驗",IF(AND(K31<=E31+(H31*0.66),K31>=E31-(J31*0.66)),"合格",IF(AND(K31<=E31+H31,K31>=E31-J31),"特採","異常"))) -> 待驗 | P31: =IF(AND(K31="",M31="",N31=""),"待驗",IF(OR(L31="合格",L31="特採"),L31,IFERROR(IF(AND(D31="刻字",OR(M31=E31,N31=E31,)),"合格",IF(OR(M31="OK",N31="OK"),"合格",IF(OR(AND(M31<=E31+(H31*0.66),M31>=E31-(J31*0.66)),AND(N31<=E31+(H31*0.66),N31>=E31-(J31*0.66)),AND(O31<=E31+(H31*0.66),O31>=E31-(J31*0.66))),"合格",IF(OR(AND(M31<=E31+H31,M31>=E31-J31),AND(N31<=E31+H31,N31>=E31-J31)),"特採","異常")))),"異常"))) -> 待驗 | S31: 螺紋塞規 | AB31: 余楷祥
B32: 001 | C32: 5 | E32: 檢查不可破孔 | G32: + | H32: - | I32: - | J32: - | K32: =IF(ISERROR(VLOOKUP(C32,DATA!A:I,7,FALSE))=TRUE,"",VLOOKUP(C32,DATA!A:I,7,FALSE)) | L32: =IF(OR(D32="刻字",K32="",D32="M",D32="#",D32="粗糙",D32="平面",E32="THRU"),"待驗",IF(AND(K32<=E32+(H32*0.66),K32>=E32-(J32*0.66)),"合格",IF(AND(K32<=E32+H32,K32>=E32-J32),"特採","異常"))) -> 待驗 | P32: =IF(AND(K32="",M32="",N32=""),"待驗",IF(OR(L32="合格",L32="特採"),L32,IFERROR(IF(AND(D32="刻字",OR(M32=E32,N32=E32,)),"合格",IF(OR(M32="OK",N32="OK"),"合格",IF(OR(AND(M32<=E32+(H32*0.66),M32>=E32-(J32*0.66)),AND(N32<=E32+(H32*0.66),N32>=E32-(J32*0.66)),AND(O32<=E32+(H32*0.66),O32>=E32-(J32*0.66))),"合格",IF(OR(AND(M32<=E32+H32,M32>=E32-J32),AND(N32<=E32+H32,N32>=E32-J32)),"特採","異常")))),"異常"))) -> 待驗 | S32: 目視 | AB32: 洪國信
B33: 001 | C33: 6 | D33: 距離 | E33: 30.5 | G33: + | H33: 0.05 | I33: - | J33: 0.02 | K33: =IF(ISERROR(VLOOKUP(C33,DATA!A:I,7,FALSE))=TRUE,"",VLOOKUP(C33,DATA!A:I,7,FALSE)) | L33: =IF(OR(D33="刻字",K33="",D33="M",D33="#",D33="粗糙",D33="平面",E33="THRU"),"待驗",IF(AND(K33<=E33+(H33*0.66),K33>=E33-(J33*0.66)),"合格",IF(AND(K33<=E33+H33,K33>=E33-J33),"特採","異常"))) -> 待驗 | P33: =IF(AND(K33="",M33="",N33=""),"待驗",IF(OR(L33="合格",L33="特採"),L33,IFERROR(IF(AND(D33="刻字",OR(M33=E33,N33=E33,)),"合格",IF(OR(M33="OK",N33="OK"),"合格",IF(OR(AND(M33<=E33+(H33*0.66),M33>=E33-(J33*0.66)),AND(N33<=E33+(H33*0.66),N33>=E33-(J33*0.66)),AND(O33<=E33+(H33*0.66),O33>=E33-(J33*0.66))),"合格",IF(OR(AND(M33<=E33+H33,M33>=E33-J33),AND(N33<=E33+H33,N33>=E33-J33)),"特採","異常")))),"異常"))) -> 待驗 | S33: 2.5D影像量測儀 | AB33: 泰沙
B34: 001 | C34: 7 | E34: 31 | G34: + | H34: 0.05 | I34: - | J34: 0.05 | K34: =IF(ISERROR(VLOOKUP(C34,DATA!A:I,7,FALSE))=TRUE,"",VLOOKUP(C34,DATA!A:I,7,FALSE)) | L34: =IF(OR(D34="刻字",K34="",D34="M",D34="#",D34="粗糙",D34="平面",E34="THRU"),"待驗",IF(AND(K34<=E34+(H34*0.66),K34>=E34-(J34*0.66)),"合格",IF(AND(K34<=E34+H34,K34>=E34-J34),"特採","異常"))) -> 待驗 | P34: =IF(AND(K34="",M34="",N34=""),"待驗",IF(OR(L34="合格",L34="特採"),L34,IFERROR(IF(AND(D34="刻字",OR(M34=E34,N34=E34,)),"合格",IF(OR(M34="OK",N34="OK"),"合格",IF(OR(AND(M34<=E34+(H34*0.66),M34>=E34-(J34*0.66)),AND(N34<=E34+(H34*0.66),N34>=E34-(J34*0.66)),AND(O34<=E34+(H34*0.66),O34>=E34-(J34*0.66))),"合格",IF(OR(AND(M34<=E34+H34,M34>=E34-J34),AND(N34<=E34+H34,N34>=E34-J34)),"特採","異常")))),"異常"))) -> 待驗 | S34: 2.5D影像量測儀
B35: 001 | C35: 8 | D35: Ø | E35: 1.6 | G35: + | H35: 0.05 | I35: - | J35: 0 | K35: =IF(ISERROR(VLOOKUP(C35,DATA!A:I,7,FALSE))=TRUE,"",VLOOKUP(C35,DATA!A:I,7,FALSE)) | L35: =IF(OR(D35="刻字",K35="",D35="M",D35="#",D35="粗糙",D35="平面",E35="THRU"),"待驗",IF(AND(K35<=E35+(H35*0.66),K35>=E35-(J35*0.66)),"合格",IF(AND(K35<=E35+H35,K35>=E35-J35),"特採","異常"))) -> 待驗 | P35: =IF(AND(K35="",M35="",N35=""),"待驗",IF(OR(L35="合格",L35="特採"),L35,IFERROR(IF(AND(D35="刻字",OR(M35=E35,N35=E35,)),"合格",IF(OR(M35="OK",N35="OK"),"合格",IF(OR(AND(M35<=E35+(H35*0.66),M35>=E35-(J35*0.66)),AND(N35<=E35+(H35*0.66),N35>=E35-(J35*0.66)),AND(O35<=E35+(H35*0.66),O35>=E35-(J35*0.66))),"合格",IF(OR(AND(M35<=E35+H35,M35>=E35-J35),AND(N35<=E35+H35,N35>=E35-J35)),"特採","異常")))),"異常"))) -> 待驗 | S35: 2.5D影像量測儀
B36: 001 | C36: 9 | D36: # | E36: 4-40 UNJC-3B | G36: + | H36: - | I36: - | J36: - | K36: =IF(ISERROR(VLOOKUP(C36,DATA!A:I,7,FALSE))=TRUE,"",VLOOKUP(C36,DATA!A:I,7,FALSE)) | L36: =IF(OR(D36="刻字",K36="",D36="M",D36="#",D36="粗糙",D36="平面",E36="THRU"),"待驗",IF(AND(K36<=E36+(H36*0.66),K36>=E36-(J36*0.66)),"合格",IF(AND(K36<=E36+H36,K36>=E36-J36),"特採","異常"))) -> 待驗 | P36: =IF(AND(K36="",M36="",N36=""),"待驗",IF(OR(L36="合格",L36="特採"),L36,IFERROR(IF(AND(D36="刻字",OR(M36=E36,N36=E36,)),"合格",IF(OR(M36="OK",N36="OK"),"合格",IF(OR(AND(M36<=E36+(H36*0.66),M36>=E36-(J36*0.66)),AND(N36<=E36+(H36*0.66),N36>=E36-(J36*0.66)),AND(O36<=E36+(H36*0.66),O36>=E36-(J36*0.66))),"合格",IF(OR(AND(M36<=E36+H36,M36>=E36-J36),AND(N36<=E36+H36,N36>=E36-J36)),"特採","異常")))),"異常"))) -> 待驗 | S36: 螺紋塞規
B37: 001 | C37: 9 | D37: 牙深 | E37: 8 | G37: + | H37: 0.5 | I37: - | J37: 0.1 | K37: =IF(ISERROR(VLOOKUP(C37,DATA!A:I,7,FALSE))=TRUE,"",VLOOKUP(C37,DATA!A:I,7,FALSE)) | L37: =IF(OR(D37="刻字",K37="",D37="M",D37="#",D37="粗糙",D37="平面",E37="THRU"),"待驗",IF(AND(K37<=E37+(H37*0.66),K37>=E37-(J37*0.66)),"合格",IF(AND(K37<=E37+H37,K37>=E37-J37),"特採","異常"))) -> 待驗 | P37: =IF(AND(K37="",M37="",N37=""),"待驗",IF(OR(L37="合格",L37="特採"),L37,IFERROR(IF(AND(D37="刻字",OR(M37=E37,N37=E37,)),"合格",IF(OR(M37="OK",N37="OK"),"合格",IF(OR(AND(M37<=E37+(H37*0.66),M37>=E37-(J37*0.66)),AND(N37<=E37+(H37*0.66),N37>=E37-(J37*0.66)),AND(O37<=E37+(H37*0.66),O37>=E37-(J37*0.66))),"合格",IF(OR(AND(M37<=E37+H37,M37>=E37-J37),AND(N37<=E37+H37,N37>=E37-J37)),"特採","異常")))),"異常"))) -> 待驗 | S37: 螺紋塞規
B38: 001 | C38: 10 | D38: Ø | E38: 6 | G38: + | H38: 0.05 | I38: - | J38: 0.05 | K38: =IF(ISERROR(VLOOKUP(C38,DATA!A:I,7,FALSE))=TRUE,"",VLOOKUP(C38,DATA!A:I,7,FALSE)) | L38: =IF(OR(D38="刻字",K38="",D38="M",D38="#",D38="粗糙",D38="平面",E38="THRU"),"待驗",IF(AND(K38<=E38+(H38*0.66),K38>=E38-(J38*0.66)),"合格",IF(AND(K38<=E38+H38,K38>=E38-J38),"特採","異常"))) -> 待驗 | P38: =IF(AND(K38="",M38="",N38=""),"待驗",IF(OR(L38="合格",L38="特採"),L38,IFERROR(IF(AND(D38="刻字",OR(M38=E38,N38=E38,)),"合格",IF(OR(M38="OK",N38="OK"),"合格",IF(OR(AND(M38<=E38+(H38*0.66),M38>=E38-(J38*0.66)),AND(N38<=E38+(H38*0.66),N38>=E38-(J38*0.66)),AND(O38<=E38+(H38*0.66),O38>=E38-(J38*0.66))),"合格",IF(OR(AND(M38<=E38+H38,M38>=E38-J38),AND(N38<=E38+H38,N38>=E38-J38)),"特採","異常")))),"異常"))) -> 待驗 | Q38: 6.0GO/6.03NOGO | S38: 銷規
B39: 001 | C39: 10 | E39: THRU | G39: + | H39: - | I39: - | J39: - | K39: =IF(ISERROR(VLOOKUP(C39,DATA!A:I,7,FALSE))=TRUE,"",VLOOKUP(C39,DATA!A:I,7,FALSE)) | L39: =IF(OR(D39="刻字",K39="",D39="M",D39="#",D39="粗糙",D39="平面",E39="THRU"),"待驗",IF(AND(K39<=E39+(H39*0.66),K39>=E39-(J39*0.66)),"合格",IF(AND(K39<=E39+H39,K39>=E39-J39),"特採","異常"))) -> 待驗 | P39: =IF(AND(K39="",M39="",N39=""),"待驗",IF(OR(L39="合格",L39="特採"),L39,IFERROR(IF(AND(D39="刻字",OR(M39=E39,N39=E39,)),"合格",IF(OR(M39="OK",N39="OK"),"合格",IF(OR(AND(M39<=E39+(H39*0.66),M39>=E39-(J39*0.66)),AND(N39<=E39+(H39*0.66),N39>=E39-(J39*0.66)),AND(O39<=E39+(H39*0.66),O39>=E39-(J39*0.66))),"合格",IF(OR(AND(M39<=E39+H39,M39>=E39-J39),AND(N39<=E39+H39,N39>=E39-J39)),"特採","異常")))),"異常"))) -> 待驗 | S39: 銷規
B40: 001 | C40: 11 | D40: M | E40: 8X1.25 | G40: + | H40: 0.01 | I40: - | J40: 0.01 | K40: =IF(ISERROR(VLOOKUP(C40,DATA!A:I,7,FALSE))=TRUE,"",VLOOKUP(C40,DATA!A:I,7,FALSE)) | L40: =IF(OR(D40="刻字",K40="",D40="M",D40="#",D40="粗糙",D40="平面",E40="THRU"),"待驗",IF(AND(K40<=E40+(H40*0.66),K40>=E40-(J40*0.66)),"合格",IF(AND(K40<=E40+H40,K40>=E40-J40),"特採","異常"))) -> 待驗 | P40: =IF(AND(K40="",M40="",N40=""),"待驗",IF(OR(L40="合格",L40="特採"),L40,IFERROR(IF(AND(D40="刻字",OR(M40=E40,N40=E40,)),"合格",IF(OR(M40="OK",N40="OK"),"合格",IF(OR(AND(M40<=E40+(H40*0.66),M40>=E40-(J40*0.66)),AND(N40<=E40+(H40*0.66),N40>=E40-(J40*0.66)),AND(O40<=E40+(H40*0.66),O40>=E40-(J40*0.66))),"合格",IF(OR(AND(M40<=E40+H40,M40>=E40-J40),AND(N40<=E40+H40,N40>=E40-J40)),"特採","異常")))),"異常"))) -> 待驗 | S40: 螺紋塞規
B41: 001 | C41: 11 | E41: THRU | G41: + | H41: 0.01 | I41: - | J41: 0.01 | K41: =IF(ISERROR(VLOOKUP(C41,DATA!A:I,7,FALSE))=TRUE,"",VLOOKUP(C41,DATA!A:I,7,FALSE)) | L41: =IF(OR(D41="刻字",K41="",D41="M",D41="#",D41="粗糙",D41="平面",E41="THRU"),"待驗",IF(AND(K41<=E41+(H41*0.66),K41>=E41-(J41*0.66)),"合格",IF(AND(K41<=E41+H41,K41>=E41-J41),"特採","異常"))) -> 待驗 | P41: =IF(AND(K41="",M41="",N41=""),"待驗",IF(OR(L41="合格",L41="特採"),L41,IFERROR(IF(AND(D41="刻字",OR(M41=E41,N41=E41,)),"合格",IF(OR(M41="OK",N41="OK"),"合格",IF(OR(AND(M41<=E41+(H41*0.66),M41>=E41-(J41*0.66)),AND(N41<=E41+(H41*0.66),N41>=E41-(J41*0.66)),AND(O41<=E41+(H41*0.66),O41>=E41-(J41*0.66))),"合格",IF(OR(AND(M41<=E41+H41,M41>=E41-J41),AND(N41<=E41+H41,N41>=E41-J41)),"特採","異常")))),"異常"))) -> 待驗 | S41: 螺紋塞規
B42: 001 | C42: 12 | D42: 距離 | E42: 84 | G42: + | H42: 0.1 | I42: - | J42: 0.1 | K42: =IF(ISERROR(VLOOKUP(C42,DATA!A:I,7,FALSE))=TRUE,"",VLOOKUP(C42,DATA!A:I,7,FALSE)) | L42: =IF(OR(D42="刻字",K42="",D42="M",D42="#",D42="粗糙",D42="平面",E42="THRU"),"待驗",IF(AND(K42<=E42+(H42*0.66),K42>=E42-(J42*0.66)),"合格",IF(AND(K42<=E42+H42,K42>=E42-J42),"特採","異常"))) -> 待驗 | P42: =IF(AND(K42="",M42="",N42=""),"待驗",IF(OR(L42="合格",L42="特採"),L42,IFERROR(IF(AND(D42="刻字",OR(M42=E42,N42=E42,)),"合格",IF(OR(M42="OK",N42="OK"),"合格",IF(OR(AND(M42<=E42+(H42*0.66),M42>=E42-(J42*0.66)),AND(N42<=E42+(H42*0.66),N42>=E42-(J42*0.66)),AND(O42<=E42+(H42*0.66),O42>=E42-(J42*0.66))),"合格",IF(OR(AND(M42<=E42+H42,M42>=E42-J42),AND(N42<=E42+H42,N42>=E42-J42)),"特採","異常")))),"異常"))) -> 待驗 | S42: 2.5D影像量測儀
B43: 001 | C43: 13 | D43: 距離 | E43: 2 | G43: + | H43: 0.05 | I43: - | J43: 0.05 | P43: =IF(AND(K43="",M43="",N43=""),"待驗",IF(OR(L43="合格",L43="特採"),L43,IFERROR(IF(AND(D43="刻字",OR(M43=E43,N43=E43,)),"合格",IF(OR(M43="OK",N43="OK"),"合格",IF(OR(AND(M43<=E43+(H43*0.66),M43>=E43-(J43*0.66)),AND(N43<=E43+(H43*0.66),N43>=E43-(J43*0.66)),AND(O43<=E43+(H43*0.66),O43>=E43-(J43*0.66))),"合格",IF(OR(AND(M43<=E43+H43,M43>=E43-J43),AND(N43<=E43+H43,N43>=E43-J43)),"特採","異常")))),"異常"))) -> 待驗 | S43: 2.5D影像量測儀
B44: 002 | C44: 15 | D44: Ø | E44: 383.5 | G44: + | H44: 0.02 | I44: - | J44: 0.02 | K44: =IF(ISERROR(VLOOKUP(C44,DATA!A:I,7,FALSE))=TRUE,"",VLOOKUP(C44,DATA!A:I,7,FALSE)) | L44: =IF(OR(D44="刻字",K44="",D44="M",D44="#",D44="粗糙",D44="平面",E44="THRU"),"待驗",IF(AND(K44<=E44+(H44*0.66),K44>=E44-(J44*0.66)),"合格",IF(AND(K44<=E44+H44,K44>=E44-J44),"特採","異常"))) -> 待驗 | P44: =IF(AND(K44="",M44="",N44=""),"待驗",IF(OR(L44="合格",L44="特採"),L44,IFERROR(IF(AND(D44="刻字",OR(M44=E44,N44=E44,)),"合格",IF(OR(M44="OK",N44="OK"),"合格",IF(OR(AND(M44<=E44+(H44*0.66),M44>=E44-(J44*0.66)),AND(N44<=E44+(H44*0.66),N44>=E44-(J44*0.66)),AND(O44<=E44+(H44*0.66),O44>=E44-(J44*0.66))),"合格",IF(OR(AND(M44<=E44+H44,M44>=E44-J44),AND(N44<=E44+H44,N44>=E44-J44)),"特採","異常")))),"異常"))) -> 待驗 | S44: 2.5D影像量測儀
B45: 002 | C45: 16 | D45: # | E45: 4-40 UNJC-3B | G45: + | H45: - | I45: - | J45: - | K45: =IF(ISERROR(VLOOKUP(C45,DATA!A:I,7,FALSE))=TRUE,"",VLOOKUP(C45,DATA!A:I,7,FALSE)) | L45: =IF(OR(D45="刻字",K45="",D45="M",D45="#",D45="粗糙",D45="平面",E45="THRU"),"待驗",IF(AND(K45<=E45+(H45*0.66),K45>=E45-(J45*0.66)),"合格",IF(AND(K45<=E45+H45,K45>=E45-J45),"特採","異常"))) -> 待驗 | P45: =IF(AND(K45="",M45="",N45=""),"待驗",IF(OR(L45="合格",L45="特採"),L45,IFERROR(IF(AND(D45="刻字",OR(M45=E45,N45=E45,)),"合格",IF(OR(M45="OK",N45="OK"),"合格",IF(OR(AND(M45<=E45+(H45*0.66),M45>=E45-(J45*0.66)),AND(N45<=E45+(H45*0.66),N45>=E45-(J45*0.66)),AND(O45<=E45+(H45*0.66),O45>=E45-(J45*0.66))),"合格",IF(OR(AND(M45<=E45+H45,M45>=E45-J45),AND(N45<=E45+H45,N45>=E45-J45)),"特採","異常")))),"異常"))) -> 待驗 | S45: 螺紋塞規
B46: 002 | C46: 16 | E46: 7 | F46: D.P. | G46: + | H46: 0.5 | I46: - | J46: 0.1 | P46: =IF(AND(K46="",M46="",N46=""),"待驗",IF(OR(L46="合格",L46="特採"),L46,IFERROR(IF(AND(D46="刻字",OR(M46=E46,N46=E46,)),"合格",IF(OR(M46="OK",N46="OK"),"合格",IF(OR(AND(M46<=E46+(H46*0.66),M46>=E46-(J46*0.66)),AND(N46<=E46+(H46*0.66),N46>=E46-(J46*0.66)),AND(O46<=E46+(H46*0.66),O46>=E46-(J46*0.66))),"合格",IF(OR(AND(M46<=E46+H46,M46>=E46-J46),AND(N46<=E46+H46,N46>=E46-J46)),"特採","異常")))),"異常"))) -> 待驗 | S46: 高度規
B47: 002 | C47: 16 | E47: 檢查不可破孔 | G47: + | H47: - | I47: - | J47: - | P47: =IF(AND(K47="",M47="",N47=""),"待驗",IF(OR(L47="合格",L47="特採"),L47,IFERROR(IF(AND(D47="刻字",OR(M47=E47,N47=E47,)),"合格",IF(OR(M47="OK",N47="OK"),"合格",IF(OR(AND(M47<=E47+(H47*0.66),M47>=E47-(J47*0.66)),AND(N47<=E47+(H47*0.66),N47>=E47-(J47*0.66)),AND(O47<=E47+(H47*0.66),O47>=E47-(J47*0.66))),"合格",IF(OR(AND(M47<=E47+H47,M47>=E47-J47),AND(N47<=E47+H47,N47>=E47-J47)),"特採","異常")))),"異常"))) -> 待驗 | S47: 目視
B48: 002 | C48: 17 | D48: 厚度 | E48: 7 | G48: + | H48: 3 | I48: - | J48: 0 | K48: =IF(ISERROR(VLOOKUP(C48,DATA!A:I,7,FALSE))=TRUE,"",VLOOKUP(C48,DATA!A:I,7,FALSE)) | L48: =IF(OR(D48="刻字",K48="",D48="M",D48="#",D48="粗糙",D48="平面",E48="THRU"),"待驗",IF(AND(K48<=E48+(H48*0.66),K48>=E48-(J48*0.66)),"合格",IF(AND(K48<=E48+H48,K48>=E48-J48),"特採","異常"))) -> 待驗 | P48: =IF(AND(K48="",M48="",N48=""),"待驗",IF(OR(L48="合格",L48="特採"),L48,IFERROR(IF(AND(D48="刻字",OR(M48=E48,N48=E48,)),"合格",IF(OR(M48="OK",N48="OK"),"合格",IF(OR(AND(M48<=E48+(H48*0.66),M48>=E48-(J48*0.66)),AND(N48<=E48+(H48*0.66),N48>=E48-(J48*0.66)),AND(O48<=E48+(H48*0.66),O48>=E48-(J48*0.66))),"合格",IF(OR(AND(M48<=E48+H48,M48>=E48-J48),AND(N48<=E48+H48,N48>=E48-J48)),"特採","異常")))),"異常"))) -> 待驗 | S48: 遊標卡尺
B49: 002 | C49: 18 | D49: 厚度 | E49: 13 | G49: + | H49: 0.2 | I49: - | J49: 0.2 | K49: =IF(ISERROR(VLOOKUP(C49,DATA!A:I,7,FALSE))=TRUE,"",VLOOKUP(C49,DATA!A:I,7,FALSE)) | L49: =IF(OR(D49="刻字",K49="",D49="M",D49="#",D49="粗糙",D49="平面",E49="THRU"),"待驗",IF(AND(K49<=E49+(H49*0.66),K49>=E49-(J49*0.66)),"合格",IF(AND(K49<=E49+H49,K49>=E49-J49),"特採","異常"))) -> 待驗 | P49: =IF(AND(K49="",M49="",N49=""),"待驗",IF(OR(L49="合格",L49="特採"),L49,IFERROR(IF(AND(D49="刻字",OR(M49=E49,N49=E49,)),"合格",IF(OR(M49="OK",N49="OK"),"合格",IF(OR(AND(M49<=E49+(H49*0.66),M49>=E49-(J49*0.66)),AND(N49<=E49+(H49*0.66),N49>=E49-(J49*0.66)),AND(O49<=E49+(H49*0.66),O49>=E49-(J49*0.66))),"合格",IF(OR(AND(M49<=E49+H49,M49>=E49-J49),AND(N49<=E49+H49,N49>=E49-J49)),"特採","異常")))),"異常"))) -> 待驗 | S49: 遊標卡尺
B50: 002 | C50: 19 | D50: 距離 | E50: 2.05 | G50: + | H50: 0.02 | I50: - | J50: 0.02 | K50: =IF(ISERROR(VLOOKUP(C50,DATA!A:I,7,FALSE))=TRUE,"",VLOOKUP(C50,DATA!A:I,7,FALSE)) | L50: =IF(OR(D50="刻字",K50="",D50="M",D50="#",D50="粗糙",D50="平面",E50="THRU"),"待驗",IF(AND(K50<=E50+(H50*0.66),K50>=E50-(J50*0.66)),"合格",IF(AND(K50<=E50+H50,K50>=E50-J50),"特採","異常"))) -> 待驗 | P50: =IF(AND(K50="",M50="",N50=""),"待驗",IF(OR(L50="合格",L50="特採"),L50,IFERROR(IF(AND(D50="刻字",OR(M50=E50,N50=E50,)),"合格",IF(OR(M50="OK",N50="OK"),"合格",IF(OR(AND(M50<=E50+(H50*0.66),M50>=E50-(J50*0.66)),AND(N50<=E50+(H50*0.66),N50>=E50-(J50*0.66)),AND(O50<=E50+(H50*0.66),O50>=E50-(J50*0.66))),"合格",IF(OR(AND(M50<=E50+H50,M50>=E50-J50),AND(N50<=E50+H50,N50>=E50-J50)),"特採","異常")))),"異常"))) -> 待驗 | S50: 2.5D影像量測儀
B51: 002 | C51: 20 | D51: 距離 | E51: 8 | G51: + | H51: 0.1 | I51: - | J51: 0.1 | K51: =IF(ISERROR(VLOOKUP(C51,DATA!A:I,7,FALSE))=TRUE,"",VLOOKUP(C51,DATA!A:I,7,FALSE)) | L51: =IF(OR(D51="刻字",K51="",D51="M",D51="#",D51="粗糙",D51="平面",E51="THRU"),"待驗",IF(AND(K51<=E51+(H51*0.66),K51>=E51-(J51*0.66)),"合格",IF(AND(K51<=E51+H51,K51>=E51-J51),"特採","異常"))) -> 待驗 | P51: =IF(AND(K51="",M51="",N51=""),"待驗",IF(OR(L51="合格",L51="特採"),L51,IFERROR(IF(AND(D51="刻字",OR(M51=E51,N51=E51,)),"合格",IF(OR(M51="OK",N51="OK"),"合格",IF(OR(AND(M51<=E51+(H51*0.66),M51>=E51-(J51*0.66)),AND(N51<=E51+(H51*0.66),N51>=E51-(J51*0.66)),AND(O51<=E51+(H51*0.66),O51>=E51-(J51*0.66))),"合格",IF(OR(AND(M51<=E51+H51,M51>=E51-J51),AND(N51<=E51+H51,N51>=E51-J51)),"特採","異常")))),"異常"))) -> 待驗 | S51: 2.5D影像量測儀
B52: 002 | C52: 20 | D52: 距離 | E52: 16 | G52: + | H52: 0.1 | I52: - | J52: 0.1 | K52: =IF(ISERROR(VLOOKUP(C52,DATA!A:I,7,FALSE))=TRUE,"",VLOOKUP(C52,DATA!A:I,7,FALSE)) | L52: =IF(OR(D52="刻字",K52="",D52="M",D52="#",D52="粗糙",D52="平面",E52="THRU"),"待驗",IF(AND(K52<=E52+(H52*0.66),K52>=E52-(J52*0.66)),"合格",IF(AND(K52<=E52+H52,K52>=E52-J52),"特採","異常"))) -> 待驗 | P52: =IF(AND(K52="",M52="",N52=""),"待驗",IF(OR(L52="合格",L52="特採"),L52,IFERROR(IF(AND(D52="刻字",OR(M52=E52,N52=E52,)),"合格",IF(OR(M52="OK",N52="OK"),"合格",IF(OR(AND(M52<=E52+(H52*0.66),M52>=E52-(J52*0.66)),AND(N52<=E52+(H52*0.66),N52>=E52-(J52*0.66)),AND(O52<=E52+(H52*0.66),O52>=E52-(J52*0.66))),"合格",IF(OR(AND(M52<=E52+H52,M52>=E52-J52),AND(N52<=E52+H52,N52>=E52-J52)),"特採","異常")))),"異常"))) -> 待驗 | S52: 2.5D影像量測儀
B53: 002 | C53: 21 | D53: 距離 | E53: 8 | G53: + | H53: 0.03 | I53: - | J53: 0.03 | K53: =IF(ISERROR(VLOOKUP(C53,DATA!A:I,7,FALSE))=TRUE,"",VLOOKUP(C53,DATA!A:I,7,FALSE)) | L53: =IF(OR(D53="刻字",K53="",D53="M",D53="#",D53="粗糙",D53="平面",E53="THRU"),"待驗",IF(AND(K53<=E53+(H53*0.66),K53>=E53-(J53*0.66)),"合格",IF(AND(K53<=E53+H53,K53>=E53-J53),"特採","異常"))) -> 待驗 | P53: =IF(AND(K53="",M53="",N53=""),"待驗",IF(OR(L53="合格",L53="特採"),L53,IFERROR(IF(AND(D53="刻字",OR(M53=E53,N53=E53,)),"合格",IF(OR(M53="OK",N53="OK"),"合格",IF(OR(AND(M53<=E53+(H53*0.66),M53>=E53-(J53*0.66)),AND(N53<=E53+(H53*0.66),N53>=E53-(J53*0.66)),AND(O53<=E53+(H53*0.66),O53>=E53-(J53*0.66))),"合格",IF(OR(AND(M53<=E53+H53,M53>=E53-J53),AND(N53<=E53+H53,N53>=E53-J53)),"特採","異常")))),"異常"))) -> 待驗 | S53: 2.5D影像量測儀
B54: 002 | C54: 22 | D54: 距離 | E54: 8 | G54: + | H54: 0.05 | I54: - | J54: 0 | K54: =IF(ISERROR(VLOOKUP(C54,DATA!A:I,7,FALSE))=TRUE,"",VLOOKUP(C54,DATA!A:I,7,FALSE)) | L54: =IF(OR(D54="刻字",K54="",D54="M",D54="#",D54="粗糙",D54="平面",E54="THRU"),"待驗",IF(AND(K54<=E54+(H54*0.66),K54>=E54-(J54*0.66)),"合格",IF(AND(K54<=E54+H54,K54>=E54-J54),"特採","異常"))) -> 待驗 | P54: =IF(AND(K54="",M54="",N54=""),"待驗",IF(OR(L54="合格",L54="特採"),L54,IFERROR(IF(AND(D54="刻字",OR(M54=E54,N54=E54,)),"合格",IF(OR(M54="OK",N54="OK"),"合格",IF(OR(AND(M54<=E54+(H54*0.66),M54>=E54-(J54*0.66)),AND(N54<=E54+(H54*0.66),N54>=E54-(J54*0.66)),AND(O54<=E54+(H54*0.66),O54>=E54-(J54*0.66))),"合格",IF(OR(AND(M54<=E54+H54,M54>=E54-J54),AND(N54<=E54+H54,N54>=E54-J54)),"特採","異常")))),"異常"))) -> 待驗 | S54: 2.5D影像量測儀
B55: 002 | C55: 23 | D55: 距離 | E55: 45.05 | G55: + | H55: 0.05 | I55: - | J55: 0 | K55: =IF(ISERROR(VLOOKUP(C55,DATA!A:I,7,FALSE))=TRUE,"",VLOOKUP(C55,DATA!A:I,7,FALSE)) | L55: =IF(OR(D55="刻字",K55="",D55="M",D55="#",D55="粗糙",D55="平面",E55="THRU"),"待驗",IF(AND(K55<=E55+(H55*0.66),K55>=E55-(J55*0.66)),"合格",IF(AND(K55<=E55+H55,K55>=E55-J55),"特採","異常"))) -> 待驗 | P55: =IF(AND(K55="",M55="",N55=""),"待驗",IF(OR(L55="合格",L55="特採"),L55,IFERROR(IF(AND(D55="刻字",OR(M55=E55,N55=E55,)),"合格",IF(OR(M55="OK",N55="OK"),"合格",IF(OR(AND(M55<=E55+(H55*0.66),M55>=E55-(J55*0.66)),AND(N55<=E55+(H55*0.66),N55>=E55-(J55*0.66)),AND(O55<=E55+(H55*0.66),O55>=E55-(J55*0.66))),"合格",IF(OR(AND(M55<=E55+H55,M55>=E55-J55),AND(N55<=E55+H55,N55>=E55-J55)),"特採","異常")))),"異常"))) -> 待驗 | S55: 2.5D影像量測儀
B56: 002 | C56: 24 | D56: 距離 | E56: 16 | G56: + | H56: 0.1 | I56: - | J56: 0.1 | K56: =IF(ISERROR(VLOOKUP(C56,DATA!A:I,7,FALSE))=TRUE,"",VLOOKUP(C56,DATA!A:I,7,FALSE)) | L56: =IF(OR(D56="刻字",K56="",D56="M",D56="#",D56="粗糙",D56="平面",E56="THRU"),"待驗",IF(AND(K56<=E56+(H56*0.66),K56>=E56-(J56*0.66)),"合格",IF(AND(K56<=E56+H56,K56>=E56-J56),"特採","異常"))) -> 待驗 | P56: =IF(AND(K56="",M56="",N56=""),"待驗",IF(OR(L56="合格",L56="特採"),L56,IFERROR(IF(AND(D56="刻字",OR(M56=E56,N56=E56,)),"合格",IF(OR(M56="OK",N56="OK"),"合格",IF(OR(AND(M56<=E56+(H56*0.66),M56>=E56-(J56*0.66)),AND(N56<=E56+(H56*0.66),N56>=E56-(J56*0.66)),AND(O56<=E56+(H56*0.66),O56>=E56-(J56*0.66))),"合格",IF(OR(AND(M56<=E56+H56,M56>=E56-J56),AND(N56<=E56+H56,N56>=E56-J56)),"特採","異常")))),"異常"))) -> 待驗 | S56: 2.5D影像量測儀
B57: 002 | C57: 25 | D57: 距離 | E57: 187.5 | G57: + | H57: 0.1 | I57: - | J57: 0.1 | P57: =IF(AND(K57="",M57="",N57=""),"待驗",IF(OR(L57="合格",L57="特採"),L57,IFERROR(IF(AND(D57="刻字",OR(M57=E57,N57=E57,)),"合格",IF(OR(M57="OK",N57="OK"),"合格",IF(OR(AND(M57<=E57+(H57*0.66),M57>=E57-(J57*0.66)),AND(N57<=E57+(H57*0.66),N57>=E57-(J57*0.66)),AND(O57<=E57+(H57*0.66),O57>=E57-(J57*0.66))),"合格",IF(OR(AND(M57<=E57+H57,M57>=E57-J57),AND(N57<=E57+H57,N57>=E57-J57)),"特採","異常")))),"異常"))) -> 待驗 | S57: 2.5D影像量測儀
B58: 002 | C58: 26 | D58: 距離 | E58: 183.5 | G58: + | H58: 0.05 | I58: - | J58: 0.05 | P58: =IF(AND(K58="",M58="",N58=""),"待驗",IF(OR(L58="合格",L58="特採"),L58,IFERROR(IF(AND(D58="刻字",OR(M58=E58,N58=E58,)),"合格",IF(OR(M58="OK",N58="OK"),"合格",IF(OR(AND(M58<=E58+(H58*0.66),M58>=E58-(J58*0.66)),AND(N58<=E58+(H58*0.66),N58>=E58-(J58*0.66)),AND(O58<=E58+(H58*0.66),O58>=E58-(J58*0.66))),"合格",IF(OR(AND(M58<=E58+H58,M58>=E58-J58),AND(N58<=E58+H58,N58>=E58-J58)),"特採","異常")))),"異常"))) -> 待驗 | S58: 2.5D影像量測儀
B59: 002 | C59: 27 | D59: 距離 | E59: 3 | G59: + | H59: 0.05 | I59: - | J59: 0.05 | P59: =IF(AND(K59="",M59="",N59=""),"待驗",IF(OR(L59="合格",L59="特採"),L59,IFERROR(IF(AND(D59="刻字",OR(M59=E59,N59=E59,)),"合格",IF(OR(M59="OK",N59="OK"),"合格",IF(OR(AND(M59<=E59+(H59*0.66),M59>=E59-(J59*0.66)),AND(N59<=E59+(H59*0.66),N59>=E59-(J59*0.66)),AND(O59<=E59+(H59*0.66),O59>=E59-(J59*0.66))),"合格",IF(OR(AND(M59<=E59+H59,M59>=E59-J59),AND(N59<=E59+H59,N59>=E59-J59)),"特採","異常")))),"異常"))) -> 待驗 | S59: 2.5D影像量測儀
B60: 002 | C60: 28 | D60: 距離 | E60: 17.5 | G60: + | H60: 0.03 | I60: - | J60: 0.03 | P60: =IF(AND(K60="",M60="",N60=""),"待驗",IF(OR(L60="合格",L60="特採"),L60,IFERROR(IF(AND(D60="刻字",OR(M60=E60,N60=E60,)),"合格",IF(OR(M60="OK",N60="OK"),"合格",IF(OR(AND(M60<=E60+(H60*0.66),M60>=E60-(J60*0.66)),AND(N60<=E60+(H60*0.66),N60>=E60-(J60*0.66)),AND(O60<=E60+(H60*0.66),O60>=E60-(J60*0.66))),"合格",IF(OR(AND(M60<=E60+H60,M60>=E60-J60),AND(N60<=E60+H60,N60>=E60-J60)),"特採","異常")))),"異常"))) -> 待驗 | S60: 2.5D影像量測儀
B61: 002 | C61: 29 | D61: 距離 | E61: 17 | G61: + | H61: 0.05 | I61: - | J61: 0.05 | P61: =IF(AND(K61="",M61="",N61=""),"待驗",IF(OR(L61="合格",L61="特採"),L61,IFERROR(IF(AND(D61="刻字",OR(M61=E61,N61=E61,)),"合格",IF(OR(M61="OK",N61="OK"),"合格",IF(OR(AND(M61<=E61+(H61*0.66),M61>=E61-(J61*0.66)),AND(N61<=E61+(H61*0.66),N61>=E61-(J61*0.66)),AND(O61<=E61+(H61*0.66),O61>=E61-(J61*0.66))),"合格",IF(OR(AND(M61<=E61+H61,M61>=E61-J61),AND(N61<=E61+H61,N61>=E61-J61)),"特採","異常")))),"異常"))) -> 待驗 | S61: 2.5D影像量測儀
B62: 002 | C62: 30 | D62: # | E62: 4-40 UNJC-3B | G62: + | H62: - | I62: - | J62: - | P62: =IF(AND(K62="",M62="",N62=""),"待驗",IF(OR(L62="合格",L62="特採"),L62,IFERROR(IF(AND(D62="刻字",OR(M62=E62,N62=E62,)),"合格",IF(OR(M62="OK",N62="OK"),"合格",IF(OR(AND(M62<=E62+(H62*0.66),M62>=E62-(J62*0.66)),AND(N62<=E62+(H62*0.66),N62>=E62-(J62*0.66)),AND(O62<=E62+(H62*0.66),O62>=E62-(J62*0.66))),"合格",IF(OR(AND(M62<=E62+H62,M62>=E62-J62),AND(N62<=E62+H62,N62>=E62-J62)),"特採","異常")))),"異常"))) -> 待驗 | S62: 螺紋塞規
B63: 002 | C63: 30 | E63: THRU | G63: + | H63: - | I63: - | J63: - | P63: =IF(AND(K63="",M63="",N63=""),"待驗",IF(OR(L63="合格",L63="特採"),L63,IFERROR(IF(AND(D63="刻字",OR(M63=E63,N63=E63,)),"合格",IF(OR(M63="OK",N63="OK"),"合格",IF(OR(AND(M63<=E63+(H63*0.66),M63>=E63-(J63*0.66)),AND(N63<=E63+(H63*0.66),N63>=E63-(J63*0.66)),AND(O63<=E63+(H63*0.66),O63>=E63-(J63*0.66))),"合格",IF(OR(AND(M63<=E63+H63,M63>=E63-J63),AND(N63<=E63+H63,N63>=E63-J63)),"特採","異常")))),"異常"))) -> 待驗 | S63: 螺紋塞規
B64: 002 | C64: 31 | D64: 距離 | E64: 8 | G64: + | H64: 0.1 | I64: - | J64: 0.1 | K64: =IF(ISERROR(VLOOKUP(C64,DATA!A:I,7,FALSE))=TRUE,"",VLOOKUP(C64,DATA!A:I,7,FALSE)) | L64: =IF(OR(D64="刻字",K64="",D64="M",D64="#",D64="粗糙",D64="平面",E64="THRU"),"待驗",IF(AND(K64<=E64+(H64*0.66),K64>=E64-(J64*0.66)),"合格",IF(AND(K64<=E64+H64,K64>=E64-J64),"特採","異常"))) -> 待驗 | P64: =IF(AND(K64="",M64="",N64=""),"待驗",IF(OR(L64="合格",L64="特採"),L64,IFERROR(IF(AND(D64="刻字",OR(M64=E64,N64=E64,)),"合格",IF(OR(M64="OK",N64="OK"),"合格",IF(OR(AND(M64<=E64+(H64*0.66),M64>=E64-(J64*0.66)),AND(N64<=E64+(H64*0.66),N64>=E64-(J64*0.66)),AND(O64<=E64+(H64*0.66),O64>=E64-(J64*0.66))),"合格",IF(OR(AND(M64<=E64+H64,M64>=E64-J64),AND(N64<=E64+H64,N64>=E64-J64)),"特採","異常")))),"異常"))) -> 待驗 | S64: 2.5D影像量測儀
B65: 002 | C65: 32 | D65: 距離 | E65: 2.05 | G65: + | H65: 0.02 | I65: - | J65: 0.02 | K65: =IF(ISERROR(VLOOKUP(C65,DATA!A:I,7,FALSE))=TRUE,"",VLOOKUP(C65,DATA!A:I,7,FALSE)) | L65: =IF(OR(D65="刻字",K65="",D65="M",D65="#",D65="粗糙",D65="平面",E65="THRU"),"待驗",IF(AND(K65<=E65+(H65*0.66),K65>=E65-(J65*0.66)),"合格",IF(AND(K65<=E65+H65,K65>=E65-J65),"特採","異常"))) -> 待驗 | P65: =IF(AND(K65="",M65="",N65=""),"待驗",IF(OR(L65="合格",L65="特採"),L65,IFERROR(IF(AND(D65="刻字",OR(M65=E65,N65=E65,)),"合格",IF(OR(M65="OK",N65="OK"),"合格",IF(OR(AND(M65<=E65+(H65*0.66),M65>=E65-(J65*0.66)),AND(N65<=E65+(H65*0.66),N65>=E65-(J65*0.66)),AND(O65<=E65+(H65*0.66),O65>=E65-(J65*0.66))),"合格",IF(OR(AND(M65<=E65+H65,M65>=E65-J65),AND(N65<=E65+H65,N65>=E65-J65)),"特採","異常")))),"異常"))) -> 待驗 | S65: 2.5D影像量測儀
B66: 002 | C66: 33 | D66: 距離 | E66: 2.05 | G66: + | H66: 0.02 | I66: - | J66: 0.02 | P66: =IF(AND(K66="",M66="",N66=""),"待驗",IF(OR(L66="合格",L66="特採"),L66,IFERROR(IF(AND(D66="刻字",OR(M66=E66,N66=E66,)),"合格",IF(OR(M66="OK",N66="OK"),"合格",IF(OR(AND(M66<=E66+(H66*0.66),M66>=E66-(J66*0.66)),AND(N66<=E66+(H66*0.66),N66>=E66-(J66*0.66)),AND(O66<=E66+(H66*0.66),O66>=E66-(J66*0.66))),"合格",IF(OR(AND(M66<=E66+H66,M66>=E66-J66),AND(N66<=E66+H66,N66>=E66-J66)),"特採","異常")))),"異常"))) -> 待驗 | S66: 2.5D影像量測儀
B67: 002 | C67: 34 | D67: 距離 | E67: 8 | G67: + | H67: 0.1 | I67: - | J67: 0.1 | K67: =IF(ISERROR(VLOOKUP(C67,DATA!A:I,7,FALSE))=TRUE,"",VLOOKUP(C67,DATA!A:I,7,FALSE)) | L67: =IF(OR(D67="刻字",K67="",D67="M",D67="#",D67="粗糙",D67="平面",E67="THRU"),"待驗",IF(AND(K67<=E67+(H67*0.66),K67>=E67-(J67*0.66)),"合格",IF(AND(K67<=E67+H67,K67>=E67-J67),"特採","異常"))) -> 待驗 | P67: =IF(AND(K67="",M67="",N67=""),"待驗",IF(OR(L67="合格",L67="特採"),L67,IFERROR(IF(AND(D67="刻字",OR(M67=E67,N67=E67,)),"合格",IF(OR(M67="OK",N67="OK"),"合格",IF(OR(AND(M67<=E67+(H67*0.66),M67>=E67-(J67*0.66)),AND(N67<=E67+(H67*0.66),N67>=E67-(J67*0.66)),AND(O67<=E67+(H67*0.66),O67>=E67-(J67*0.66))),"合格",IF(OR(AND(M67<=E67+H67,M67>=E67-J67),AND(N67<=E67+H67,N67>=E67-J67)),"特採","異常")))),"異常"))) -> 待驗 | S67: 2.5D影像量測儀
B68: 002 | C68: 35 | D68: 距離 | E68: 380 | G68: + | H68: 0.1 | I68: - | J68: 0.1 | K68: =IF(ISERROR(VLOOKUP(C68,DATA!A:I,7,FALSE))=TRUE,"",VLOOKUP(C68,DATA!A:I,7,FALSE)) | L68: =IF(OR(D68="刻字",K68="",D68="M",D68="#",D68="粗糙",D68="平面",E68="THRU"),"待驗",IF(AND(K68<=E68+(H68*0.66),K68>=E68-(J68*0.66)),"合格",IF(AND(K68<=E68+H68,K68>=E68-J68),"特採","異常"))) -> 待驗 | P68: =IF(AND(K68="",M68="",N68=""),"待驗",IF(OR(L68="合格",L68="特採"),L68,IFERROR(IF(AND(D68="刻字",OR(M68=E68,N68=E68,)),"合格",IF(OR(M68="OK",N68="OK"),"合格",IF(OR(AND(M68<=E68+(H68*0.66),M68>=E68-(J68*0.66)),AND(N68<=E68+(H68*0.66),N68>=E68-(J68*0.66)),AND(O68<=E68+(H68*0.66),O68>=E68-(J68*0.66))),"合格",IF(OR(AND(M68<=E68+H68,M68>=E68-J68),AND(N68<=E68+H68,N68>=E68-J68)),"特採","異常")))),"異常"))) -> 待驗 | S68: 2.5D影像量測儀
B69: 002 | C69: 36 | D69: 距離 | E69: 2.98 | G69: + | H69: 0 | I69: - | J69: 0.1 | K69: =IF(ISERROR(VLOOKUP(C69,DATA!A:I,7,FALSE))=TRUE,"",VLOOKUP(C69,DATA!A:I,7,FALSE)) | L69: =IF(OR(D69="刻字",K69="",D69="M",D69="#",D69="粗糙",D69="平面",E69="THRU"),"待驗",IF(AND(K69<=E69+(H69*0.66),K69>=E69-(J69*0.66)),"合格",IF(AND(K69<=E69+H69,K69>=E69-J69),"特採","異常"))) -> 待驗 | P69: =IF(AND(K69="",M69="",N69=""),"待驗",IF(OR(L69="合格",L69="特採"),L69,IFERROR(IF(AND(D69="刻字",OR(M69=E69,N69=E69,)),"合格",IF(OR(M69="OK",N69="OK"),"合格",IF(OR(AND(M69<=E69+(H69*0.66),M69>=E69-(J69*0.66)),AND(N69<=E69+(H69*0.66),N69>=E69-(J69*0.66)),AND(O69<=E69+(H69*0.66),O69>=E69-(J69*0.66))),"合格",IF(OR(AND(M69<=E69+H69,M69>=E69-J69),AND(N69<=E69+H69,N69>=E69-J69)),"特採","異常")))),"異常"))) -> 待驗 | S69: 2.5D影像量測儀
B70: 002 | C70: 37 | D70: 高度 | E70: 77.11 | G70: + | H70: 1 | I70: - | J70: 1 | P70: =IF(AND(K70="",M70="",N70=""),"待驗",IF(OR(L70="合格",L70="特採"),L70,IFERROR(IF(AND(D70="刻字",OR(M70=E70,N70=E70,)),"合格",IF(OR(M70="OK",N70="OK"),"合格",IF(OR(AND(M70<=E70+(H70*0.66),M70>=E70-(J70*0.66)),AND(N70<=E70+(H70*0.66),N70>=E70-(J70*0.66)),AND(O70<=E70+(H70*0.66),O70>=E70-(J70*0.66))),"合格",IF(OR(AND(M70<=E70+H70,M70>=E70-J70),AND(N70<=E70+H70,N70>=E70-J70)),"特採","異常")))),"異常"))) -> 待驗 | S70: 2.5D影像量測儀
B71: 002 | C71: 38 | D71: 距離 | E71: 3.5 | G71: + | H71: 0.1 | I71: - | J71: 0.1 | P71: =IF(AND(K71="",M71="",N71=""),"待驗",IF(OR(L71="合格",L71="特採"),L71,IFERROR(IF(AND(D71="刻字",OR(M71=E71,N71=E71,)),"合格",IF(OR(M71="OK",N71="OK"),"合格",IF(OR(AND(M71<=E71+(H71*0.66),M71>=E71-(J71*0.66)),AND(N71<=E71+(H71*0.66),N71>=E71-(J71*0.66)),AND(O71<=E71+(H71*0.66),O71>=E71-(J71*0.66))),"合格",IF(OR(AND(M71<=E71+H71,M71>=E71-J71),AND(N71<=E71+H71,N71>=E71-J71)),"特採","異常")))),"異常"))) -> 待驗 | S71: 2.5D影像量測儀
B72: 002 | C72: 39 | D72: 距離 | E72: 10 | G72: + | H72: 0.1 | I72: - | J72: 0.1 | P72: =IF(AND(K72="",M72="",N72=""),"待驗",IF(OR(L72="合格",L72="特採"),L72,IFERROR(IF(AND(D72="刻字",OR(M72=E72,N72=E72,)),"合格",IF(OR(M72="OK",N72="OK"),"合格",IF(OR(AND(M72<=E72+(H72*0.66),M72>=E72-(J72*0.66)),AND(N72<=E72+(H72*0.66),N72>=E72-(J72*0.66)),AND(O72<=E72+(H72*0.66),O72>=E72-(J72*0.66))),"合格",IF(OR(AND(M72<=E72+H72,M72>=E72-J72),AND(N72<=E72+H72,N72>=E72-J72)),"特採","異常")))),"異常"))) -> 待驗 | S72: 2.5D影像量測儀
B73: 002 | C73: 40 | D73: 距離 | E73: 94 | G73: + | H73: 0.15 | I73: - | J73: 0.15 | K73: =IF(ISERROR(VLOOKUP(C73,DATA!A:I,7,FALSE))=TRUE,"",VLOOKUP(C73,DATA!A:I,7,FALSE)) | L73: =IF(OR(D73="刻字",K73="",D73="M",D73="#",D73="粗糙",D73="平面",E73="THRU"),"待驗",IF(AND(K73<=E73+(H73*0.66),K73>=E73-(J73*0.66)),"合格",IF(AND(K73<=E73+H73,K73>=E73-J73),"特採","異常"))) -> 待驗 | P73: =IF(AND(K73="",M73="",N73=""),"待驗",IF(OR(L73="合格",L73="特採"),L73,IFERROR(IF(AND(D73="刻字",OR(M73=E73,N73=E73,)),"合格",IF(OR(M73="OK",N73="OK"),"合格",IF(OR(AND(M73<=E73+(H73*0.66),M73>=E73-(J73*0.66)),AND(N73<=E73+(H73*0.66),N73>=E73-(J73*0.66)),AND(O73<=E73+(H73*0.66),O73>=E73-(J73*0.66))),"合格",IF(OR(AND(M73<=E73+H73,M73>=E73-J73),AND(N73<=E73+H73,N73>=E73-J73)),"特採","異常")))),"異常"))) -> 待驗 | S73: 2.5D影像量測儀
B74: 099 | C74: 99-1 | E74: 開口不可有毛邊 | G74: + | H74: - | I74: - | J74: - | K74: =IF(ISERROR(VLOOKUP(C74,DATA!A:I,7,FALSE))=TRUE,"",VLOOKUP(C74,DATA!A:I,7,FALSE)) | L74: =IF(OR(D74="刻字",K74="",D74="M",D74="#",D74="粗糙",D74="平面",E74="THRU"),"待驗",IF(AND(K74<=E74+(H74*0.66),K74>=E74-(J74*0.66)),"合格",IF(AND(K74<=E74+H74,K74>=E74-J74),"特採","異常"))) -> 待驗 | P74: =IF(AND(K74="",M74="",N74=""),"待驗",IF(OR(L74="合格",L74="特採"),L74,IFERROR(IF(AND(D74="刻字",OR(M74=E74,N74=E74,)),"合格",IF(OR(M74="OK",N74="OK"),"合格",IF(OR(AND(M74<=E74+(H74*0.66),M74>=E74-(J74*0.66)),AND(N74<=E74+(H74*0.66),N74>=E74-(J74*0.66)),AND(O74<=E74+(H74*0.66),O74>=E74-(J74*0.66))),"合格",IF(OR(AND(M74<=E74+H74,M74>=E74-J74),AND(N74<=E74+H74,N74>=E74-J74)),"特採","異常")))),"異常"))) -> 待驗 | S74: 目視
B75: 099 | C75: 99-2 | E75: 外型不可有黑痕 | G75: + | H75: - | I75: - | J75: - | K75: =IF(ISERROR(VLOOKUP(C75,DATA!A:I,7,FALSE))=TRUE,"",VLOOKUP(C75,DATA!A:I,7,FALSE)) | L75: =IF(OR(D75="刻字",K75="",D75="M",D75="#",D75="粗糙",D75="平面",E75="THRU"),"待驗",IF(AND(K75<=E75+(H75*0.66),K75>=E75-(J75*0.66)),"合格",IF(AND(K75<=E75+H75,K75>=E75-J75),"特採","異常"))) -> 待驗 | P75: =IF(AND(K75="",M75="",N75=""),"待驗",IF(OR(L75="合格",L75="特採"),L75,IFERROR(IF(AND(D75="刻字",OR(M75=E75,N75=E75,)),"合格",IF(OR(M75="OK",N75="OK"),"合格",IF(OR(AND(M75<=E75+(H75*0.66),M75>=E75-(J75*0.66)),AND(N75<=E75+(H75*0.66),N75>=E75-(J75*0.66)),AND(O75<=E75+(H75*0.66),O75>=E75-(J75*0.66))),"合格",IF(OR(AND(M75<=E75+H75,M75>=E75-J75),AND(N75<=E75+H75,N75>=E75-J75)),"特採","異常")))),"異常"))) -> 待驗 | S75: 目視
B76: 099 | C76: 99-3 | E76: 牙孔不可有火山口 | G76: + | H76: - | I76: - | J76: - | K76: =IF(ISERROR(VLOOKUP(C76,DATA!A:I,7,FALSE))=TRUE,"",VLOOKUP(C76,DATA!A:I,7,FALSE)) | L76: =IF(OR(D76="刻字",K76="",D76="M",D76="#",D76="粗糙",D76="平面",E76="THRU"),"待驗",IF(AND(K76<=E76+(H76*0.66),K76>=E76-(J76*0.66)),"合格",IF(AND(K76<=E76+H76,K76>=E76-J76),"特採","異常"))) -> 待驗 | P76: =IF(AND(K76="",M76="",N76=""),"待驗",IF(OR(L76="合格",L76="特採"),L76,IFERROR(IF(AND(D76="刻字",OR(M76=E76,N76=E76,)),"合格",IF(OR(M76="OK",N76="OK"),"合格",IF(OR(AND(M76<=E76+(H76*0.66),M76>=E76-(J76*0.66)),AND(N76<=E76+(H76*0.66),N76>=E76-(J76*0.66)),AND(O76<=E76+(H76*0.66),O76>=E76-(J76*0.66))),"合格",IF(OR(AND(M76<=E76+H76,M76>=E76-J76),AND(N76<=E76+H76,N76>=E76-J76)),"特採","異常")))),"異常"))) -> 待驗 | S76: 目視
B77: 099 | C77: 99-4 | E77: 孔不可有凸起 | G77: + | H77: - | I77: - | J77: - | K77: =IF(ISERROR(VLOOKUP(C77,DATA!A:I,7,FALSE))=TRUE,"",VLOOKUP(C77,DATA!A:I,7,FALSE)) | L77: =IF(OR(D77="刻字",K77="",D77="M",D77="#",D77="粗糙",D77="平面",E77="THRU"),"待驗",IF(AND(K77<=E77+(H77*0.66),K77>=E77-(J77*0.66)),"合格",IF(AND(K77<=E77+H77,K77>=E77-J77),"特採","異常"))) -> 待驗 | P77: =IF(AND(K77="",M77="",N77=""),"待驗",IF(OR(L77="合格",L77="特採"),L77,IFERROR(IF(AND(D77="刻字",OR(M77=E77,N77=E77,)),"合格",IF(OR(M77="OK",N77="OK"),"合格",IF(OR(AND(M77<=E77+(H77*0.66),M77>=E77-(J77*0.66)),AND(N77<=E77+(H77*0.66),N77>=E77-(J77*0.66)),AND(O77<=E77+(H77*0.66),O77>=E77-(J77*0.66))),"合格",IF(OR(AND(M77<=E77+H77,M77>=E77-J77),AND(N77<=E77+H77,N77>=E77-J77)),"特採","異常")))),"異常"))) -> 待驗 | S77: 目視
B78: 099 | C78: 99-5 | E78: 不可有段差 | G78: + | H78: - | I78: - | J78: - | K78: =IF(ISERROR(VLOOKUP(C78,DATA!A:I,7,FALSE))=TRUE,"",VLOOKUP(C78,DATA!A:I,7,FALSE)) | L78: =IF(OR(D78="刻字",K78="",D78="M",D78="#",D78="粗糙",D78="平面",E78="THRU"),"待驗",IF(AND(K78<=E78+(H78*0.66),K78>=E78-(J78*0.66)),"合格",IF(AND(K78<=E78+H78,K78>=E78-J78),"特採","異常"))) -> 待驗 | P78: =IF(AND(K78="",M78="",N78=""),"待驗",IF(OR(L78="合格",L78="特採"),L78,IFERROR(IF(AND(D78="刻字",OR(M78=E78,N78=E78,)),"合格",IF(OR(M78="OK",N78="OK"),"合格",IF(OR(AND(M78<=E78+(H78*0.66),M78>=E78-(J78*0.66)),AND(N78<=E78+(H78*0.66),N78>=E78-(J78*0.66)),AND(O78<=E78+(H78*0.66),O78>=E78-(J78*0.66))),"合格",IF(OR(AND(M78<=E78+H78,M78>=E78-J78),AND(N78<=E78+H78,N78>=E78-J78)),"特採","異常")))),"異常"))) -> 待驗 | S78: 目視
Q79: 編輯: | S79: 日期:
Q80: 確認 | S80: 日期:

Sheet DATA
B1: FeatureType | C1: FeatureLabel | D1: FeatureID | E1: OutputItem | F1: Actual | G1: Nominal | H1: Deviation | I1: UpperTol | J1: LowerTol | K1: PassFail
A2: =SUBSTITUTE(SUBSTITUTE(SUBSTITUTE(SUBSTITUTE(SUBSTITUTE(C2,"檢點",""),"[1",""),"Z0",""),"-",""),"原點","")
A3: =SUBSTITUTE(SUBSTITUTE(SUBSTITUTE(SUBSTITUTE(SUBSTITUTE(C3,"檢點",""),"[1",""),"Z0",""),"-",""),"原點","")
A4: =SUBSTITUTE(SUBSTITUTE(SUBSTITUTE(SUBSTITUTE(SUBSTITUTE(C4,"檢點",""),"[1",""),"Z0",""),"-",""),"原點","")
A5: =SUBSTITUTE(SUBSTITUTE(SUBSTITUTE(SUBSTITUTE(SUBSTITUTE(C5,"檢點",""),"[1",""),"Z0",""),"-",""),"原點","")
A6: =SUBSTITUTE(SUBSTITUTE(SUBSTITUTE(SUBSTITUTE(SUBSTITUTE(C6,"檢點",""),"[1",""),"Z0",""),"-",""),"原點","")
A7: =SUBSTITUTE(SUBSTITUTE(SUBSTITUTE(SUBSTITUTE(SUBSTITUTE(C7,"檢點",""),"[1",""),"Z0",""),"-",""),"原點","")
A8: =SUBSTITUTE(SUBSTITUTE(SUBSTITUTE(SUBSTITUTE(SUBSTITUTE(C8,"檢點",""),"[1",""),"Z0",""),"-",""),"原點","")
A9: =SUBSTITUTE(SUBSTITUTE(SUBSTITUTE(SUBSTITUTE(SUBSTITUTE(C9,"檢點",""),"[1",""),"Z0",""),"-",""),"原點","")
A10: =SUBSTITUTE(SUBSTITUTE(SUBSTITUTE(SUBSTITUTE(SUBSTITUTE(C10,"檢點",""),"[1",""),"Z0",""),"-",""),"原點","")
A11: =SUBSTITUTE(SUBSTITUTE(SUBSTITUTE(SUBSTITUTE(SUBSTITUTE(C11,"檢點",""),"[1",""),"Z0",""),"-",""),"原點","")
A12: =SUBSTITUTE(SUBSTITUTE(SUBSTITUTE(SUBSTITUTE(SUBSTITUTE(C12,"檢點",""),"[1",""),"Z0",""),"-",""),"原點","")
A13: =SUBSTITUTE(SUBSTITUTE(SUBSTITUTE(SUBSTITUTE(SUBSTITUTE(C13,"檢點",""),"[1",""),"Z0",""),"-",""),"原點","")
... A70: =SUBSTITUTE(SUBSTITUTE(SUBSTITUTE(SUBSTITUTE(SUBSTITUTE(C70,"檢點",""),"[1",""),"Z0",""),"-",""),"原點","")

Sheet 更新履歷
B2: 更新履歷
B3: 項次 | C3: 更新內容 | D3: 更新日期 | E3: 更新人
B4: 1 | C4: 數位量測電子檔建立，做為數位設備導入時，自動計算數據的範本 | D4: 44218 | E4: 褚宏淯
B5: 2 | C5: 1.新增單位、公差的下拉式選單，加快建置表單時的速度 2.建立DATA活頁，可將自動2.5D量測數據倒入，資料整合彙整時可以使用 | D5: 44235 | E5: 褚宏淯
B6: 3 | C6: 於判定列N、P、R的函數，新增OR指令，修正輸入文字NG時，函數無反應跳錯的現象。 | D6: 44245 | E6: 褚宏淯
B7: 4 | C7: 已完成的檔案，將同步進行下列修正: 1.移除自動2.5D的判定，重新撰寫程式，使自動量測&手動量測共用一個判定。 2.重新編排刻字的驗證方式，人員完整輸入工件刻字，確認是否相符 3.重新調整D.P.的公差設定，正常工差為±0.2mm，只深不淺的公差該為+0.5/-0mm | D7: 44274 | E7: 褚宏淯
B8: 5 | C8: 為提醒生產加工需調機，調整函數及版面格式對應: 1. 判定由3列改為1列，減少人員判定看錯的風險 2. 增加再複驗欄位，避免第2次調機複檢，沒有地方填寫 3. 判定的地方修改反饋內容，由”OK”，”NG”調整如下 →合格:尺寸符合規範，不用進行調整 →異常:尺寸超出規範，要進行調整 →特採:尺寸合格，但已接近標準差的極限，請組長確認是否進行調整 →待驗:尺寸沒有檢驗，請進行檢驗確認 4. 加大檢驗備註，組長特採欄位，方便人員記錄異常，及組長簽名 | D8: 44771 | E8: 褚宏淯
B9: 6 | C9: 1.修正P列，函數判斷錯誤，輸入"NG"不會判定異常 2.取消P列"合格"的底色填滿，避免列印紙本給組長時，跟"異常"相同的呈現方式，不易辨別。 3.將L、P列的函數，由原本47個增加到100個，避免新增數位量測程式時，函數不足人員不會自行新增。 | D9: 44802 | E9: 褚宏淯
B10: 7
B11: 8
B12: 9
B13: 10

Sheet 異常圖片
C28: 跳回 | D28: 計測統計!A1
